{"stats":{"minecraft:killed":{"minecraft:chicken":1},"minecraft:mined":{"minecraft:spruce_leaves":2,"minecraft:spruce_log":4},"minecraft:custom":{"minecraft:jump":33,"minecraft:time_since_rest":9375,"minecraft:leave_game":1,"minecraft:damage_dealt":40,"minecraft:crouch_one_cm":539,"minecraft:sprint_one_cm":7366,"minecraft:play_time":9375,"minecraft:time_since_death":9375,"minecraft:walk_one_cm":2082,"minecraft:sneak_time":247,"minecraft:total_world_time":9375,"minecraft:mob_kills":1,"minecraft:fall_one_cm":1939,"minecraft:fly_one_cm":9239},"minecraft:picked_up":{"minecraft:chicken":1,"minecraft:spruce_log":4}},"DataVersion":2975}